DEPT,COURSE,CRSE_TITLE,DAYS,BEGIN_TIME,END_TIME
ACCT,ACCT200001,Personal Finance,MWF,1000,1050
ACCT,ACCT215001,Principles of Accounting I,TR,1320,1435
ACCT,ACCT215002,Principles of Accounting I,TR,955,1110
ACCT,ACCT215003,Principles of Accounting I,MW,1715,1830
ACCT,ACCT215004,Principles of Accounting I,W,1900,2130
ACCT,ACCT216001,Principles of Accounting II,MW,930,1045
ACCT,ACCT216002,Principles of Accounting II,MW,1100,1215
ACCT,ACCT301002,Intermediate Accounting I,MW,1230,1345
ACCT,ACCT302001,Intermediate Accounting II,TR,955,1110
ACCT,ACCT317001,Cost Accounting,TR,1320,1435
ACCT,ACCT320001,Communications Lab,T,1710,1800
ACCT,ACCT340001,Accounting Systems and Control,MW,1715,1830
ACCT,ACCT341001,Accounting Systems Lab,W,1900,2015
ACCT,ACCT416001,Advanced Accounting,MF,1230,1345
ACCT,ACCT416002,Advanced Accounting,MF,1400,1515
ACCT,ACCT417001,Income Taxation,TR,1710,1825
ACCT,ACCT447001,Income Taxation of Partnerships & Corporations,R,1900,2130
AFST,AFST130001,DI:Intro to Africana Studies,TR,955,1110
AFST,AFST178001,The Afro-Brazilian Experience through Brazilian Popular Music,MWF,800,910
AFST,AFST317001,Africana Philosophy,TR,1515,1655
AFST,AFST373001,ST:ARTS:Embodying Wisdom in the African Diaspora,MWF,930,1045
AFST,AFST374001,ST:Modern Day Slavery,TR,1515,1655
AFST,AFST374001,ST:African Politics,MW,1700,1840
AFST,AFST374002,ST:DI:Ethnic Literature:African American Literature,TR,955,1135
ANTH,ANTH100001,Intro to Cultural Anthropology,MW,1100,1215
ANTH,ANTH100002,Intro to Cultural Anthropology,MW,1230,1345
ANTH,ANTH100003,Intro to Cultural Anthropology,MW,800,915
ANTH,ANTH1000L1,Lab for CRN#60845,F,1100,1215
ANTH,ANTH1000L2,Lab for CRN#60847,F,1230,1345
ANTH,ANTH1000L3,Lab for CRN# 62133,F,800,915
ANTH,ANTH225001,Social and Cultural Inquiry,MW,1100,1215
ANTH,ANTH225002,Social and Cultural Inquiry,MW,1400,1515
ANTH,ANTH2250L1,LAB FOR 225.001,F,1100,1215
ANTH,ANTH2250L2,LAB FOR 225.002,F,1400,1515
ANTH,ANTH323001,Storied Anthropology,MW,1530,1645
ANTH,ANTH3230L1,Lab for Anth 323,F,1530,1645
ANTH,ANTH336001,Ethnographic Methods,MW,930,1045
ANTH,ANTH3360L1,Lab for CRN#60849,F,930,1045
ANTH,ANTH339001,DI:Intersections of Gender in the Americas,TR,1515,1655
ANTH,ANTH374001,World Archeology: Cross-Listed with CLAS 374.001 & ARTH 374.003,MWF,1400,1515
ANTH,ANTH374003,Peoples and Cultures of Africa,TR,1515,1655
ANTH,ANTH420001,DI:Difference and Inequality,TR,955,1135
ANTH,ANTH464001,"Sr Colloquium: Frames, Boundaries and Classification *Instructor Permission Req",T,1320,1500
ANTH,ANTH464001,"Sr Colloquium: Frames, Boundaries and Classification *Instructor Permission Req",R,1320,1410
ANTH,ANTH4640L1,LAB for CRN# 61747,R,1411,1500
ANTH,ANTH499001,Undergraduate Research in ANTH * Instructor Permission Req.,,,
ART,ART122001,Two-Dimensional Design,W,1230,1320
ART,ART122002,Two-Dimensional Design,W,1230,1320
ART,ART122003,Two-Dimensional Design,W,1230,1320
ART,ART1220L1,LAB for CRN #60587,M,1230,1500
ART,ART1220L2,LAB for CRN #60590,MW,930,1045
ART,ART1220L3, Lab for CRN # 61905,MW,1100,1215
ART,ART133001,Three-Dimensional Design,M,1230,1320
ART,ART133002,Three-Dimensional Design,M,1230,1320
ART,ART133003,Three-Dimensional Design,M,1230,1320
ART,ART1330L1,Lab for CRN# 60466,TR,825,940
ART,ART1330L2,Lab for CRN# 60468,MW,1400,1515
ART,ART1330L3,LAB for CRN #60470,TR,1020,1135
ART,ART144001,Foundation Drawing,TR,955,1135
ART,ART144003,Foundation Drawing,W,1230,1550
ART,ART204001,Drawing I,M,1710,2030
ART,ART218001,Painting I,R,1320,1640
ART,ART234001,ARTS:Ceramics I,TR,955,1135
ART,ART246001,Sculpture I,W,800,1120
ART,ART254001,Printmaking I,TR,955,1135
ART,ART264001,Photography I,T,1710,2030
ART,ART304001,Drawing II,T,800,1120
ART,ART305001,Drawing III,M,1230,1550
ART,ART318001,Painting II,W,1230,1550
ART,ART319001,Painting III,T,1320,1640
ART,ART334001,Ceramics II,M,1230,1550
ART,ART336001,Ceramics III,W,1230,1550
ART,ART346001,Sculpture II,T,1320,1640
ART,ART347001,Sculpture III,R,1320,1640
ART,ART354001,Printmaking II,TR,955,1135
ART,ART356001,Printmaking III,TR,955,1135
ART,ART364001,Photography II,T,1320,1640
ART,ART366001,Photography III,M,1230,1550
ART,ART367001,Photographic Lab Management - Instr. permission required,T,1320,1640
ART,ART374001,ST:Advanced Topics in Ceramics,M,1230,1550
ART,ART374002,ST:Advanced Topics in Surface Design,W,1230,1550
ART,ART374003,ST:Contemporary Sculpture Methods,T,1320,1640
ART,ART374004,ST: Figure Painting,W,1230,1550
ART,ART404001,Drawing IV,M,1230,1550
ART,ART418001,Painting IV,T,1320,1640
ART,ART434001,Ceramics IV,W,1230,1550
ART,ART446001,Sculpture IV,R,1320,1640
ART,ART451001,Creative Art Methods (K-12),MW,1400,1515
ART,ART454001,Printmaking IV,TR,955,1135
ART,ART464001,Photography IV,M,1230,1550
ART,ART490001,ARTS: Senior Exhibition I - Instr. permission required,W,850,940
ART,ART490002,ARTS: Senior Exhibitation I - Permission of Instructor Required,W,850,940
ART,ART4900L1,Lab for CRN# 60528,W,945,1215
ART,ART4900L2,Lab for CRN# 60530,W,945,1215
ART,ART491001,Senior Exhibition II - Inst. permssion required,W,850,940
ART,ART491002,Senior Exhibition II - Permission of Instructor Required,W,850,940
ART,ART4910L1,Lab for CRN# 60532,W,945,1215
ART,ART4910L2,Lab for CRN# 60534,W,945,1215
ART,ART492001,Senior Exhibition III - Inst. permission required,W,850,940
ART,ART492002,Senior Exhibition III - Permission of Instructor Required,W,850,940
ART,ART4920L1,Lab for CRN# 60536,W,945,1215
ART,ART4920L2,Lab for CRN# 60539,W,945,1215
ARTH,ARTH178001,Outsider Art in the 21st Century,MWF,1100,1215
ARTH,ARTH201001,Introduction to Art History I,MWF,930,1045
ARTH,ARTH201002,Introduction to Art History I,TR,800,940
ARTH,ARTH202001,Introduction to Art History II,MWF,930,1045
ARTH,ARTH302001,Internship in Art History,M,1530,1840
ARTH,ARTH302002,Internship in Art History,M,1530,1840
ARTH,ARTH302003,Internship in Art History,M,1530,1840
ARTH,ARTH302004,Internship in Art History,M,1530,1840
ARTH,ARTH306001,From Animation & Graphic Novels to Cartoons & Comix,TR,1515,1655
ARTH,ARTH330001,ARTS: Renaissance Art,TR,955,1135
ARTH,ARTH360001,Modern Art and Modernism,MWF,1230,1345
ARTH,ARTH374002,ST:ARTS:Art and Architecture of Egypt ,TR,1320,1500
ARTH,ARTH374003,ST:World Archeology: Cross-Listed CLAS/ANTH 374.001,MWF,1400,1515
ARTH,ARTH381001,ARTS:DI:Art in Latin America,TR,1900,2040
ARTH,ARTH386001,Arts of the African Diaspora,TR,955,1135
ARTH,ARTH484001,Senior Research Seminar I,M,1530,1840
ARTS,ARTS178001,Powerful Stories,MWF,1400,1515
ARTS,ARTS310001,ARTS:Murder and the Imagination,W,1900,2130
ARTS,ARTS310004,ARTS:Art and Religion,WF,930,1045
ARTS,ARTS310005,ARTS:Art of the Young Child,MW,1230,1345
ARTS,ARTS310006,ARTS:Celtic Arts,M,1900,2130
ARTS,ARTS310008,ARTS:Photographic Theory and Practice,W,1400,1630
ARTS,ARTS310009,ARTS: The Art of Fashion,TR,955,1110
ARTS,ARTS310010,ARTS:The Art of Fashion,MW,1230,1345
ARTS,ARTS310011,ARTS:Crafting Community with Teens,T,1515,1730
ARTS,ARTS374001,ARTS:Film Directors from Latin America,TR,1515,1655
ASIA,ASIA101001,Elementary Chinese I,MWF,930,1045
ASIA,ASIA201001,Intermediate Chinese I,MWF,1230,1345
ASTR,ASTR105001,Astronomy,MW,1400,1515
ASTR,ASTR105002,Astronomy,MW,1530,1645
ASTR,ASTR1050L1,Astronomy Lab,M,2000,2130
ASTR,ASTR1050L2,Astronomy Lab,M,2135,2300
ASTR,ASTR1050L5,Astronomy Lab,W,2000,2130
ASTR,ASTR1050L6,Astronomy Lab,W,2135,2300
ATMS,ATMS103001,Intro to Meteorology,TR,955,1110
ATMS,ATMS103002,Intro to Meteorology,TR,1320,1435
ATMS,ATMS111001,Understanding the Atmos Lab,W,1400,1630
ATMS,ATMS113001,Understanding the Atmosphere,MW,930,1045
ATMS,ATMS178001,Global Climate Change and China,MW,1230,1345
ATMS,ATMS178002,"Society, Tech, and Weather",TR,815,930
ATMS,ATMS205001,Weather Analysis,M,1530,1800
ATMS,ATMS223001,Physical Climatology,TR,1515,1630
ATMS,ATMS305001,Atms Thermodynamics and Stat,TR,955,1110
ATMS,ATMS320001,Meteorological Instruments,MW,1400,1515
ATMS,ATMS328001,Broadcast Meteorology,TR,1515,1630
ATMS,ATMS355001,Physical Oceanography,MWF,1000,1050
ATMS,ATMS381001,Cooperative Education,F,1700,1730
ATMS,ATMS382001,Cooperative Education,F,1700,1730
ATMS,ATMS383001,Cooperative Education,F,1700,1730
ATMS,ATMS410001,Synoptic Meteorology I,TR,1230,1345
ATMS,ATMS464001,Scientific Writing,MW,1230,1345
ATMS,ATMS490001,Professional and Tech Intern,F,1700,1730
ATMS,ATMS499001,UR in Atms - Instr. Perm. Req.,M,1800,2030
ATMS,ATMS499002,UR in ATMS -Instr. Perm. Req,T,1800,2030
ATMS,ATMS499003,UR in ATMS- Instr Perm Req,W,1800,2030
ATMS,ATMS499004,UR in ATMS-Instr Perm Req,R,1800,2030
BIOL,BIOL115001,Ecology and Evolution,TR,815,945
BIOL,BIOL115002,Ecology and Evolution,TR,955,1110
BIOL,BIOL115003,Ecology and Evolution,WF,1100,1215
BIOL,BIOL1150L1,Ecology and Evolution Lab,M,1230,1500
BIOL,BIOL1150L2,Ecology and Evolution Lab,T,1320,1550
BIOL,BIOL1150L3,Ecology and Evolution Lab,W,1230,1500
BIOL,BIOL1150L4,Ecology and Evolution Lab,R,1320,1550
BIOL,BIOL1150L5,Ecology and Evolution Lab,M,1530,1800
BIOL,BIOL1150L6,Ecology and Evolution Lab,W,1530,1800
BIOL,BIOL123001,Principles of Biology,MWF,1100,1150
BIOL,BIOL123002,Principles of Biology,MWF,1230,1320
BIOL,BIOL124001,Principles of Biology Lab,M,1400,1630
BIOL,BIOL124002,Principles of Biology Lab,T,1320,1550
BIOL,BIOL124003,Principles of Biology Lab,W,1400,1630
BIOL,BIOL211001,Principles of Botany,MW,930,1045
BIOL,BIOL211002,Principles of Botany,TR,955,1110
BIOL,BIOL211003,Principles of Botany,MW,800,915
BIOL,BIOL2110L1,Principles of Botany Lab,M,1230,1500
BIOL,BIOL2110L2,Principles of Botany Lab,T,1320,1550
BIOL,BIOL2110L3,Principles of Botany Lab,W,1230,1500
BIOL,BIOL2110L4,Principles of Botany Lab,R,1320,1550
BIOL,BIOL2110L5,Principles of Botany Lab,M,1530,1800
BIOL,BIOL223001,Human Anatomy,TR,815,930
BIOL,BIOL2230L1,Human Anatomy Lab,M,1400,1630
BIOL,BIOL2230L2,Human Anatomy Lab,T,1320,1550
BIOL,BIOL298001,Intro to Research Methods- Instr. Permission Req,M,800,915
BIOL,BIOL322001,Tropical Ecosystems,WF,1230,1345
BIOL,BIOL332001,Invertebrate Zoology,R,1320,1550
BIOL,BIOL3320L1,Invertebrate Zoology Lab,F,1230,1500
BIOL,BIOL344001,Cell Biology,MWF,1000,1050
BIOL,BIOL3440L1,Cell Biology Lab,W,1320,1550
BIOL,BIOL3440L2,Cell Biology Lab,R,1400,1630
BIOL,BIOL3440L3,Cell Biology Lab,F,1320,1550
BIOL,BIOL345001,Plant Physiology,MW,800,915
BIOL,BIOL3450L1,Plant Physiology,M,1230,1500
BIOL,BIOL3730X1,ST: Special Topic in Cell Biol,,,
BIOL,BIOL398001,Research Methods in Biology - Inst. permission required,M,800,915
BIOL,BIOL398002,Research Methods in Biology - Inst. permission required,M,900,950
BIOL,BIOL443001,DI:Genetics,MWF,900,950
BIOL,BIOL4430L1,Genetics Lab,M,1400,1630
BIOL,BIOL4430L2,Genetics Lab,T,1320,1550
BIOL,BIOL4430L3,Genetics Lab,W,1400,1630
BIOL,BIOL480001,Senior Seminar,TR,1320,1435
BIOL,BIOL4980X1,Undergrad Research in Biology,,,
BIOL,BIOL499001,Lab Assistantship in Biology - Inst. permission required,,,
CCS,CCS560001,Seminar in Climate Change & Society:Data Modeling & Statistics,W,1800,2030
CCS,CCS560001,Seminar in Climate Change & Society:Data Modeling & Statistics,W,1800,2030
CCS,CCS571001,Climate Chnge & Society Worksh,,,
CCS,CCS571001,Climate Chnge & Society Worksh,,,
CHEM,CHEM109001,The Food of Chemistry,MW,1400,1700
CHEM,CHEM111004,General Chemistry Laboratory,R,1420,1620
CHEM,CHEM111004,General Chemistry Laboratory,R,1320,1410
CHEM,CHEM132002,General Chemistry,MWF,900,950
CHEM,CHEM132002,General Chemistry,F,1530,1730
CHEM,CHEM132003,General Chemistry,F,1530,1730
CHEM,CHEM132003,General Chemistry,MWF,1000,1050
CHEM,CHEM132004,General Chemistry,MWF,1100,1150
CHEM,CHEM132004,General Chemistry,F,1530,1730
CHEM,CHEM132005,General Chemistry,F,1530,1730
CHEM,CHEM132005,General Chemistry,MWF,1100,1150
CHEM,CHEM145001,Quantitative Chem Laboratory,F,1400,1450
CHEM,CHEM1450L1,Lab for CRN# 61176,T,1320,1410
CHEM,CHEM1450L1,Lab for CRN# 61176,T,1420,1620
CHEM,CHEM1450L2,Lab for CRN# 61176,W,1400,1450
CHEM,CHEM1450L2,Lab for CRN# 61176,W,1500,1700
CHEM,CHEM1450L3,Lab for CRN# 61176,R,1420,1620
CHEM,CHEM1450L3,Lab for CRN# 61176,R,1320,1410
CHEM,CHEM178001,"Fostering Communication, Leadership & Critical Thinking",MWF,1100,1215
CHEM,CHEM178002,First-Year Colloquium,TR,1320,1500
CHEM,CHEM178003,First-Year Colloquium,MWF,1400,1515
CHEM,CHEM222001,Organic Chemistry Laboratory,T,1420,1920
CHEM,CHEM222001,Organic Chemistry Laboratory,T,1320,1410
CHEM,CHEM222002,Organic Chemistry Laboratory,W,1400,1450
CHEM,CHEM222002,Organic Chemistry Laboratory,W,1500,2000
CHEM,CHEM231001,Organic Chemistry I,F,1530,1730
CHEM,CHEM231001,Organic Chemistry I,MWF,900,950
CHEM,CHEM232001,Organic Chemistry II,MWF,800,850
CHEM,CHEM232001,Organic Chemistry II,F,1530,1730
CHEM,CHEM236001,General Chemistry II,MWF,1230,1320
CHEM,CHEM236001,General Chemistry II,F,1530,1730
CHEM,CHEM314001,Physical Chem I Lab,T,1320,1620
CHEM,CHEM314002,Physical Chem I Lab,R,1320,1620
CHEM,CHEM328001,Elements of Inorganic Chem,MWF,1230,1320
CHEM,CHEM328002,Elements of Inorganic Chem,MWF,1400,1450
CHEM,CHEM332001,Instrumental Analysis,TR,955,1110
CHEM,CHEM334001,Physical Chemistry I,MWF,800,850
CHEM,CHEM380001,Chemical Research Methods,TR,825,940
CHEM,CHEM406001,Chemical Lit Research I - Inst. permission required,F,1530,1645
CHEM,CHEM407001,Chemical Lit Research II - Inst. permission required,F,1530,1645
CHEM,CHEM408001,Chemical Lit Research III - Inst. permission required,F,1530,1645
CHEM,CHEM411001,Lab Assistantship in Chem - Inst. permission required,F,1530,1645
CHEM,CHEM416001,Chemical Research I - Inst. permission required,F,1530,1645
CHEM,CHEM417001,Chemical Research II - Inst. permission required,F,1530,1645
CHEM,CHEM418001,Chemical Research III - Inst. permission required,F,1530,1645
CHEM,CHEM428001,Computational Chemistry,TR,825,940
CHEM,CHEM436001,Biochemistry I,MWF,900,950
CHEM,CHEM436002,Biochemistry I,MWF,1000,1050
CLAS,CLAS101001,Latin I,MW,1100,1215
CLAS,CLAS101002,Latin I,TR,1320,1500
CLAS,CLAS1010L1,Lab for CRN# 60172,F,1100,1215
CLAS,CLAS1010L2,Lab for CRN# 61058,F,1400,1515
CLAS,CLAS102001,Latin II,MW,1230,1345
CLAS,CLAS102002,Latin II,TR,955,1135
CLAS,CLAS1020L1,Lab for CRN# 60175,F,1230,1345
CLAS,CLAS1020L2,LAB for CRN #61187,F,930,1045
CLAS,CLAS103001,Greek I,MW,930,1045
CLAS,CLAS1030L1,Lab for CRN# 60174,F,930,1045
CLAS,CLAS105001,Hebrew I,W,1700,1930
CLAS,CLAS178001,Sport & Spectacle in Antiquity,MW,1530,1645
CLAS,CLAS178002,Ancient & Modern,MW,1400,1515
CLAS,CLAS1780L1,Lab for CRN# 61035,F,1530,1645
CLAS,CLAS250001,Mythology,MW,930,1045
CLAS,CLAS345001,History Roman Empire,TR,815,930
CLAS,CLAS352001,Cicero,WF,930,1045
CLAS,CLAS374001,ST: World Archaeology: Cross-listed with ARTH 374.003 & ANTH 374.001,MWF,1400,1515
CLAS,CLAS460001,Attic Comedy,TR,955,1110
CLAS,CLAS473001,Latin Prose Composition,TR,1515,1630
CLAS,CLAS498001,"Senior Capstone:Classics in Translation:Greek, Roman & Other",MW,1400,1515
CSCI,CSCI107001,Intro Computers and Multimedia,TR,955,1135
CSCI,CSCI107002,Intro Computers and Multimedia,TR,1320,1500
CSCI,CSCI173001,ARTS:DI:Creative Fabrication:Art Meets Technology - Instr. Permission Only,TRF,1320,1500
CSCI,CSCI181001,Intro Prog for Numeric Appl,MWF,930,1045
CSCI,CSCI181002,Intro Prog for Numeric Appl,MWF,1400,1515
CSCI,CSCI181003,Intro Prog for Numeric Appl,MWF,1100,1215
CSCI,CSCI181004,Intro Prog for Numeric Appl,MWF,930,1045
CSCI,CSCI182001,Intro Prog for Media Appl,MWF,930,1045
CSCI,CSCI182002,Intro Prog for Media Appl,MWF,1400,1515
CSCI,CSCI202001,Intro to Data Structures,MW,1100,1215
CSCI,CSCI202002,Intro to Data Structures,MW,1400,1515
CSCI,CSCI2020L1,Intro to Data Structures Lab,T,1320,1500
CSCI,CSCI2020L2,Intro to Data Structures Lab,T,1515,1655
CSCI,CSCI255001,Computer Organization,WF,1230,1345
CSCI,CSCI2550L1,Computer Organization Lab,W,1530,1800
CSCI,CSCI2550L2,Computer Organization Lab,W,1900,2130
CSCI,CSCI333001,Data Structures,TR,1320,1500
CSCI,CSCI343001,Database Management Systems,T,800,940
CSCI,CSCI3430L1,Lab for CRN# 61872,R,800,940
CSCI,CSCI373001,ST: Software Engineering,T,1515,1630
CSCI,CSCI373002,ST:Numeric Simulation,TR,955,1135
CSCI,CSCI3730L1,Lab for CRN# 61870,R,1515,1630
CSCI,CSCI431001,Org of Programming Languages,MW,1530,1645
CSCI,CSCI4480X1,Systems Development Management,,,
CSCI,CSCI472001,Senior Project,W,1700,1840
DAN,DAN137001,Beginning Contemporary Dance,MW,1400,1515
DAN,DAN138001,ARTS:Beginning Ballet,TR,955,1110
DAN,DAN240001,World Dance Traditions,MW,1230,1330
DAN,DAN273001,ST: Movement Research,TR,1320,1500
DAN,DAN373001,ST:ARTS:Embodying Wisdom in the African Diaspora,MWF,930,1045
DRAM,DRAM105001,Theatre Practicum,M,1700,1815
DRAM,DRAM1050L1,LAB for CRN #61124,W,1700,1815
DRAM,DRAM111001,Introduction to Acting I,TR,955,1135
DRAM,DRAM121001,Elements of Production I,MWF,1400,1515
DRAM,DRAM1210L1,Lab for CRN# 60161,MWF,1530,1620
DRAM,DRAM144001,Playscript Analysis Performanc,WF,1230,1320
DRAM,DRAM145001,Play Reading: Harold Pinter,M,1230,1320
DRAM,DRAM171001,ST:The Plays of Harold Pinter *Instructor permission required,M,1230,1320
DRAM,DRAM178001,Performing Community,MWF,1000,1050
DRAM,DRAM178002,Powerful Stories,MW,1230,1345
DRAM,DRAM201001,Production Lab: Rehearsal,M,1700,1815
DRAM,DRAM2010L1,LAB for CRN #61238,W,1700,1815
DRAM,DRAM202001,Production Lab: Construction,M,1700,1815
DRAM,DRAM2020L1,LAB for CRN #61240,W,1700,1815
DRAM,DRAM203001,Production Lab: Crew,M,1700,1815
DRAM,DRAM2030L1,LAB for CRN #61242,W,1700,1815
DRAM,DRAM204001,Prod Lab: Continued Practice,M,1700,1815
DRAM,DRAM2040L1,LAB for CRN #61244,W,1700,1815
DRAM,DRAM213001,Public Speaking/Presentations,T,1900,2130
DRAM,DRAM220001,Stage Management,WF,1000,1050
DRAM,DRAM346001,Theatre History Investigations: Founding Vision,MW,1400,1515
DRAM,DRAM4160X1,Directing Investigations,,,
DRAM,DRAM425001,ARTS:Theatre Design Investigations: Lights/Sound,WF,1530,1645
DRAM,DRAM4900X1,Prof and Technical Internship,,,
DRAM,DRAM499001,UGR:Becoming an Independent Artist,TR,1320,1435
DRAM,DRAM499002,UGR: Senior Main Stage,M,1700,1815
E,E101602,Intro to Engr and Problem Solv,F,1330,1520
ECE,ECE200602,"Intro Signals, Circuits, Syst",MW,1415,1530
ECE,ECE200607,"Intro Signals, Circuits, Syst",MW,1415,1530
ECE,ECE2006L1,"Intro Signals, Circ, Syst Lab",M,800,1050
ECE,ECE2006L2,"Intro Signals, Circ, Syst Lab",M,1545,1835
ECE,ECE2006L3,"Intro Signals, Circ, Syst Lab",F,1400,1650
ECE,ECE209602,Computer Systems Programming,MW,1550,1705
ECE,ECE209607,Computer Systems Programming,MW,1550,1705
ECE,ECE2096L1,Computer Systems Prog Prob Session,T,1515,1705
ECE,ECE2096L2,Computer Systems Prog Prb Sess,W,1715,1905
ECE,ECE2096L3,Computer Systems Prog - Problem Session,R,800,950
ECE,ECE2096L4,Computer Systems Prog - Problem Session,M,1845,2035
ECE,ECE301602,Linear Systems,MW,1105,1220
ECON,ECON101001,Principles of Macroeconomics,MWF,900,950
ECON,ECON101002,Principles of Macroeconomics,MWF,1000,1050
ECON,ECON101003,Principles of Macroeconomics,MW,1100,1215
ECON,ECON101004,Principles of Macroeconomics,MW,1230,1345
ECON,ECON101005,Principles of Macroeconomics,TR,1515,1630
ECON,ECON102001,Principles of Microeconomics,WF,930,1045
ECON,ECON102002,Principles of Microeconomics,WF,1100,1215
ECON,ECON102003,Principles of Microeconomics,MW,1530,1645
ECON,ECON102004,Principles of Microeconomics,MW,1230,1345
ECON,ECON102005,Principles of Microeconomics,MW,1400,1515
ECON,ECON245001,Land Economics,MW,1400,1515
ECON,ECON250001,Economic Globalization,TR,1515,1630
ECON,ECON273001,ST:International Humanitarian Assistance,TR,1320,1435
ECON,ECON302001,Intermediate Microeconomics,TR,955,1110
ECON,ECON306001,Managerial Finance,TR,830,945
ECON,ECON306002,Managerial Finance,TR,955,1110
ECON,ECON310001,Public Finance,MWF,1230,1320
ECON,ECON337001,Environmental Econ and Policy,TR,1515,1630
ECON,ECON342001,Money and the Financial System,MW,930,1045
ECON,ECON355001,Open Economy Macroeconomics,MW,1400,1515
ECON,ECON365001,Econometrics,MW,1530,1645
ECON,ECON380001,Approaches to Research in Econ,F,1400,1450
ECON,ECON450001,Seminar in Economics,TR,1320,1435
ECON,ECON480001,Senior Research in Economics,MWF,800,850
ECON,ECON499001,Undergraduate Research in Econ,,,
EDUC,EDUC178003,SL:Community Engagement and Service Learning,MW,1530,1710
EDUC,EDUC210001,"DI:Teach/Learn 21st Century, K-12",MWF,1000,1050
EDUC,EDUC210002,"DI:Teach/Learn 21st Century, K-12",MW,1230,1345
EDUC,EDUC210003,"DI:Teach/Learn 21st Century, K-12",TR,1710,1825
EDUC,EDUC211001,"Instr Tech/Educ Settings, K-12",W,1400,1450
EDUC,EDUC211002,"Instr Tech/Educ Settings, K-12",W,930,1020
EDUC,EDUC211003,"Instr Tech/Educ Settings, K-12",R,955,1045
EDUC,EDUC211004,"Instr Tech/Educ Settings, K-12",R,1515,1605
EDUC,EDUC219001,Phys Activity/Hlthful Living,F,900,950
EDUC,EDUC220001,SL:Global/Civic/Economic Literacy,TR,1320,1435
EDUC,EDUC273001,ST: Introduction to Exceptional Children,MW,1400,1515
EDUC,EDUC314001,SL:Multiple Literacies in Content Area Classrooms,MW,1700,1815
EDUC,EDUC3150X1,"Creative Arts, K-6",,,
EDUC,EDUC317001,"Lang Arts Contemp Class, K-6",TR,955,1110
EDUC,EDUC320001,"DI:SL:Middle School Principles, Practices and Materials",W,1900,2130
EDUC,EDUC322001,"Inquiry-Based Sci Instr, K-6",MW,930,1045
EDUC,EDUC325001,"DI:Classroom Mgmt and Instructional Differentiation, K-6",MW,1100,1215
EDUC,EDUC340001,Teach Math: Content/Process,MW,1530,1645
EDUC,EDUC344001,"Teach Crit Think Soc St, K-6",TR,1515,1630
EDUC,EDUC346001,DI:Teach Student w/ Diverse Needs,MW,930,1045
EDUC,EDUC346002,DI:Teach Student w/ Diverse Needs,MW,1100,1215
EDUC,EDUC388001,Literary Processes & Practices - Inst. permission required,TR,800,940
EDUC,EDUC3880L1,LAB for CRN #60258,F,800,850
EDUC,EDUC430001,Lesson Plannning and Classroom Management - Instr. Permission Required,TR,1710,1825
EDUC,EDUC430002,Lesson Plannning and Classroom Management - Instr. Permission Required,MW,1400,1515
EDUC,EDUC431001,K-12 Art Teaching Methods- Instr. Permission Required,T,1515,1655
EDUC,EDUC432001,6-12 English/Language Arts Teaching Methods- Instr. Permission Required,T,1320,1500
EDUC,EDUC433001,K-12 Foreign Language Teaching Methods- Instr. Permission Required,,,
EDUC,EDUC434001,K-12 Health and Physical Education Teaching Methods- Instr. Permission Required,R,955,1035
EDUC,EDUC435001,6-12 Mathematics Teaching Methods- Instr. Permission Required,T,800,940
EDUC,EDUC436001,6-12 Science Teaching Methods- Instr. Permission Required,R,1900,2040
EDUC,EDUC437001,6-12 Social Studies Teaching Methods- Instr. Permission Required,R,1515,1655
EDUC,EDUC438001,K-12 Theatre Arts Teaching Methods- Instr. Permission Required,R,1320,1500
EDUC,EDUC455001,Student Teaching and Seminar - - Instr. Permission Required,,,
EDUC,EDUC455002,Student Teaching and Seminar - Inst. permission required,,,
EDUC,EDUC455003,Student Teaching and Seminar - Inst. permission required,,,
EDUC,EDUC455004,Student Teaching and Seminar - Inst. permission required,,,
EDUC,EDUC455005,Student Teaching and Seminar - Inst. permission required,,,
EDUC,EDUC455006,Student Teaching and Seminar - Inst. permission required,,,
EDUC,EDUC455007,Student Teaching and Seminar - Inst. permission required,,,
EDUC,EDUC455008,Student Teaching and Seminar - Instr. Permission Required,,,
EDUC,EDUC456001,Teacher as 21st Century Pro,W,1700,1840
EDUC,EDUC456002,Teacher as 21st Century Pro,W,1700,1840
EDUC,EDUC4560L1,LAB for CRN #60261,W,1900,2040
EDUC,EDUC4560L2,LAB for CRN#61910,W,1900,2040
ENG,ENG520001,Creative Prose Workshop,R,1800,2030
ENG,ENG520001,Creative Prose Workshop,R,1800,2030
ENVR,ENVR105001,Physical Geology,MWF,1230,1320
ENVR,ENVR1050L1,Physical Geology Lab,T,1400,1630
ENVR,ENVR1050L2,Physical Geology Lab,W,1400,1630
ENVR,ENVR1050L3,Physical Geology Lab,R,900,1130
ENVR,ENVR1050L4,Physical Geology Lab,T,925,1205
ENVR,ENVR130001,Intro to Environmental Science,MWF,800,850
ENVR,ENVR130003,Intro to Environmental Science,TR,800,915
ENVR,ENVR130004,Intro to Environmental Science,MWF,1100,1150
ENVR,ENVR130005,Intro to Environmental Science,TR,1900,2015
ENVR,ENVR178001,Reptile and Amphibian Facts and Fiction,MWF,930,1045
ENVR,ENVR234001,Energy and Society,MW,930,1045
ENVR,ENVR241001,Ecology and Field Biology,MWF,800,850
ENVR,ENVR2410L1,Lab for CRN# 60357,M,1230,1515
ENVR,ENVR2410L2,Lab for CRN# 60357,W,1230,1515
ENVR,ENVR2410L3,Lab for CRN# 60357,F,1230,1515
ENVR,ENVR2410L4,Lab for CRN# 60357,T,1345,1630
ENVR,ENVR271001,Methods in Microscopy,F,1700,1715
ENVR,ENVR282001,Environmental Geology,MW,930,1045
ENVR,ENVR310001,Economic Geology,MW,800,915
ENVR,ENVR311001,Fund of Mineral Processing,MW,930,1045
ENVR,ENVR3110L1,Lab for CRN# 60362,W,1400,1630
ENVR,ENVR323S01,Tropical Ecosystems Field Exp *Instructor Permission Req,,,
ENVR,ENVR324001,DI:Environmental Ethics,TR,815,930
ENVR,ENVR330001,Seminar Environmental Issues,TR,1320,1435
ENVR,ENVR330002,Seminar Environmental Issues,MW,1400,1515
ENVR,ENVR334001,Environmental Policy,WF,930,1045
ENVR,ENVR338001,Hydrology and Hydrogeology,MWF,1100,1150
ENVR,ENVR3380L1,Lab for CRN# 60369,M,1400,1630
ENVR,ENVR346001,Plant Ecology,MW,1100,1215
ENVR,ENVR3460L1,Lab for Plant Ecology,W,1230,1530
ENVR,ENVR371001,Exotic Invasive Management lab,F,1230,1515
ENVR,ENVR371002,Advanced Exotic Invasive Mgmt Lab - Instructor Permission Required,F,1230,1515
ENVR,ENVR373001,Environmental Engineering Concepts,W,1830,2100
ENVR,ENVR373002,ST: Environmental Law,MW,1900,2015
ENVR,ENVR373003,Hydrology - CL ENVR 338 - Instr. Permission Required,MWF,1100,1150
ENVR,ENVR374001,ST:Herpetology,MW,1230,1345
ENVR,ENVR374002,Agriculture,TR,955,1110
ENVR,ENVR3740L1,Lab for Herpetology CRN# 60375,T,1400,1645
ENVR,ENVR3740L2,Lab for Agriculture CRN# 61703,R,1320,1630
ENVR,ENVR381001,Structural Geology,TR,955,1110
ENVR,ENVR3810L1,Lab for CRN# 61704,R,1320,1550
ENVR,ENVR490001,Internship,TR,1710,1800
ENVR,ENVR499001,Undergrad Research in ENVR,,,
ESI,ESI101001,Intro to Ethics and Social Institutions,TR,830,945
ESI,ESI490001,Senior Res in Ethics/Soc Inst,,,
FREN,FREN110001,French I,MW,1100,1215
FREN,FREN1100L1,Lab for CRN#60924,F,1100,1215
FREN,FREN120001,French II,MW,1400,1515
FREN,FREN1200L1,Lab for CRN#60926,F,1400,1515
FREN,FREN130001,French for Advanced Beginners,MW,800,915
FREN,FREN130002,French for Advanced Beginners,MW,1400,1515
FREN,FREN1300L1,Lab for CRN#60928,F,800,915
FREN,FREN1300L2,Lab for CRN#60930,F,1400,1515
FREN,FREN178001,First-Year Colloquium,MWF,830,920
FREN,FREN230001,Intermediate French,MW,930,1045
FREN,FREN2300L1,Lab for CRN#60932,F,930,1045
FREN,FREN300001,Oral Skills,MW,800,915
FREN,FREN3000L1,Lab for CRN#60936,F,800,915
FREN,FREN325001,Composition/Structural Review,MWF,1530,1645
FREN,FREN340001,French Civilization and Lit I,T,1320,1500
FREN,FREN3400L1,Lab for CRN#60939,R,1320,1500
FREN,FREN400001,The French Language,MWF,930,1045
FREN,FREN460001,Masters of French Film,TR,955,1135
GERM,GERM110001,German I,MW,930,1045
GERM,GERM110002,German I,MW,1100,1215
GERM,GERM110003,German I,MW,1230,1345
GERM,GERM1100L1,Lab for CRN#60942,F,930,1045
GERM,GERM1100L2,Lab for CRN#60944,F,1100,1215
GERM,GERM1100L3,Lab for CRN #61263,F,1230,1345
GERM,GERM178001,First-Year Colloquium,MWF,800,915
GERM,GERM210001,Intermediate German I,MWF,1230,1345
GERM,GERM310001,Comp and Structural Review I,MWF,1230,1345
GERM,GERM355001,German Civilization,TR,955,1135
GERM,GERM490001,Topics in German Studies: Speaking and Writing Across Genres,MWF,1400,1515
GERM,GERM490D01,Topics in German Studies: Speaking and Writing Across Genres,MWF,1400,1515
HIST,HIST172001,ST:United States to 1865,MWF,1400,1515
HIST,HIST172002,ST:United States Since 1865,TR,1320,1500
HIST,HIST172003,ST:World Civ to 1500,MWF,800,915
HIST,HIST172004,ST:World Civ Since 1500,TR,955,1135
HIST,HIST178001,TBA,MWF,930,1045
HIST,HIST178002,TBA,MWF,1230,1345
HIST,HIST210001,Perspectives in U.S. History,MWF,1400,1515
HIST,HIST210002,Perspectives in U.S. History,TR,1320,1500
HIST,HIST220001,Perspectives in World History,MWF,800,915
HIST,HIST220002,Perspectives in World History,TR,955,1135
HIST,HIST250001,The Historian's Craft,TR,1515,1655
HIST,HIST301001,Women in U.S. History: 1865 - Present,TR,1320,1500
HIST,HIST310001,African American History to 1865,MWF,1530,1645
HIST,HIST332001,Perspectives in Pre-Columbian Latin American History,MWF,930,1045
HIST,HIST348001,Britain to 1688,R,1800,2120
HIST,HIST373001,History of the Roman Empire,TR,815,930
HIST,HIST374001,"ST: Muhammad in History, Religion, and Literature",MWF,1400,1515
HIST,HIST381001,Modern China,MWF,1230,1345
HIST,HIST382001,"DI:American Indian History, Precontact to 1840",TR,955,1135
HIST,HIST393001,The Medieval Middle East,MW,1700,1830
HIST,HIST395001,History Internship,,,
HIST,HIST451001,Senior Seminar Preparation,T,1515,1655
HIST,HIST451002,Senior Seminar Preparation,R,1515,1655
HIST,HIST452001,Senior Research Seminar,T,1320,1500
HIST,HIST452002,Senior Research Seminar,R,1320,1500
HON,HON3830H1,Readings for Honors - Permission of Instructor Required,,,
HON,HON4990H1,UGR in Honors - Instr. Permission Required,,,
HUM,HUM124001,The Ancient World,M,1100,1215
HUM,HUM124002,The Ancient World,M,1100,1215
HUM,HUM124003,The Ancient World,M,1100,1215
HUM,HUM124004,The Ancient World,M,1100,1215
HUM,HUM124005,The Ancient World,M,1100,1215
HUM,HUM124007,The Ancient World,M,1100,1215
HUM,HUM124008,The Ancient World,M,1100,1215
HUM,HUM124009,The Ancient World,M,1100,1215
HUM,HUM124010,The Ancient World,M,1100,1215
HUM,HUM124011,The Ancient World,M,1100,1215
HUM,HUM124012,The Ancient World,M,1100,1215
HUM,HUM124013,The Ancient World,M,1100,1215
HUM,HUM1240H1,HON: The Ancient World,M,1100,1215
HUM,HUM1240R1,RCT for CRN# 60716,TR,955,1110
HUM,HUM1240R2,RCT for CRN# 60718,WF,1100,1215
HUM,HUM1240R3,RCT for CRN#60720,WF,1100,1215
HUM,HUM1240R4,RCT for CRN# 60722,WF,1100,1215
HUM,HUM1240R5,RCT for CRN# 60724,WF,930,1045
HUM,HUM1240R7,RCT for CRN# 60728,TR,955,1110
HUM,HUM1240R8,RCT for CRN# 60730,TR,1320,1435
HUM,HUM1240R9,RCT for CRN# 60732,WF,1100,1215
HUM,HUM124R10,RCT for CRN# 60734,TR,955,1110
HUM,HUM124R11,RCT for CRN# 60736,TR,1320,1435
HUM,HUM124R12,RCT for CRN# 61938,TR,955,1110
HUM,HUM124R13,RCT for CRN# 61940,TR,1320,1435
HUM,HUM124RH1,RCT for CRN# 60726,TR,1320,1435
HUM,HUM214001,Medieval and Renaissance World,M,1100,1215
HUM,HUM214002,Medieval and Renaissance World,M,1100,1215
HUM,HUM214003,Medieval and Renaissance World,M,1100,1215
HUM,HUM214004,Medieval and Renaissance World,M,1100,1215
HUM,HUM214006,Medieval and Renaissance World,M,1100,1215
HUM,HUM214007,Medieval and Renaissance World,M,1100,1215
HUM,HUM214008,Medieval and Renaissance World,M,1100,1215
HUM,HUM214009,Medieval and Renaissance World,M,1100,1215
HUM,HUM214010,Medieval and Renaissance World,M,1100,1215
HUM,HUM214011,Medieval and Renaissance World,M,1100,1215
HUM,HUM214012,Medieval and Renaissance World,M,1100,1215
HUM,HUM2140H1,HON: Medieval & Renaiss. World,M,1100,1215
HUM,HUM2140H2,HON: Medieval & Renaiss. World,M,1100,1215
HUM,HUM2140R1,RCT for CRN# 60740,WF,1100,1215
HUM,HUM2140R2,RCT for CRN# 60742,WF,1100,1215
HUM,HUM2140R3,RCT for CRN# 60744,WF,930,1045
HUM,HUM2140R4,RCT for CRN# 60746,TR,955,1110
HUM,HUM2140R6,RCT for CRN# 60749,WF,1100,1215
HUM,HUM2140R7,RCT for CRN# 60751,WF,1100,1215
HUM,HUM2140R8,RCT for CRN# 60753,WF,1100,1215
HUM,HUM2140R9,RCT for CRN# 60755,WF,930,1045
HUM,HUM214R10,RCT for CRN# 60757,WF,1100,1215
HUM,HUM214R11,RCT for CRN# 60759,TR,955,1110
HUM,HUM214R12,RCT for CRN# 60761,TR,1320,1435
HUM,HUM214RH1,RCT for CRN# 60763,TR,815,930
HUM,HUM214RH2,RCT for CRN# 60765,WF,1100,1215
HUM,HUM324001,Mod World: Mid 17-20th Century,F,1100,1210
HUM,HUM324002,Mod World: Mid 17-20th Century,F,1100,1210
HUM,HUM324003,Mod World: Mid 17-20th Century,F,1100,1210
HUM,HUM324004,Mod World: Mid 17-20th Century,F,1100,1210
HUM,HUM324005,Mod World: Mid 17-20th Century,F,1100,1210
HUM,HUM324006,Mod World: Mid 17-20th Century,F,1100,1210
HUM,HUM324007,Mod World: Mid 17-20th Century,F,1100,1210
HUM,HUM324008,Mod World: Mid 17-20th Century,F,1100,1210
HUM,HUM324009,Mod World: Mid 17-20th Century,F,1100,1210
HUM,HUM324010,Mod World: Mid 17-20th Century,F,1100,1210
HUM,HUM324012,Mod World: Mid 17-20th Century,F,1100,1210
HUM,HUM324013,Mod World: Mid 17-20th Century,F,1100,1210
HUM,HUM324014,Mod World:Mid 17-20th Century,F,1100,1210
HUM,HUM324015,Mod World: Mid 17-20th Century,F,1100,1210
HUM,HUM324016,Mod World: Mid 17-20th Century,F,1100,1210
HUM,HUM3240H1,HON:Mod World:Mid 17-20th cent,F,1100,1210
HUM,HUM3240R1,RCT for CRN# 60767,TR,955,1110
HUM,HUM3240R2,RCT for CRN# 60769,TR,815,930
HUM,HUM3240R3,RCT for CRN# 60771,TR,955,1110
HUM,HUM3240R4,RCT for CRN# 60773,MW,930,1045
HUM,HUM3240R5,RCT for CRN# 60775,TR,955,1110
HUM,HUM3240R6,RCT for CRN# 60777,TR,955,1110
HUM,HUM3240R7,RCT for CRN# 60779,MW,1100,1215
HUM,HUM3240R8,RCT for CRN# 60781,TR,1320,1435
HUM,HUM3240R9,RCT for CRN# 60783,TR,955,1110
HUM,HUM324R10,RCT for CRN# 60785,TR,1320,1435
HUM,HUM324R12,RCT for CRN# 60789,MW,930,1045
HUM,HUM324R13,RCT for CRN# 60791,MW,1100,1215
HUM,HUM324R14,RCT for CRN# 60794,TR,1320,1435
HUM,HUM324R15,RCT for CRN# 60795,MW,1100,1210
HUM,HUM324R16,RCT for CRN #60797,TR,955,1110
HUM,HUM324RH1,RCT for CRN# 60799,MW,1100,1215
HUM,HUM414001,Individual in Contemp World,F,1100,1215
HUM,HUM414002,Individual in Contemp World,F,1100,1215
HUM,HUM414003,Individual in Contemp World,F,1100,1215
HUM,HUM414004,Individual in Contemp World,F,1100,1215
HUM,HUM414005,Individual in Contemp World,F,1100,1210
HUM,HUM414006,Individual in Contemp World,F,1100,1215
HUM,HUM414008,Individual in Contemp World,W,1800,2130
HUM,HUM4140R1,RCT for CRN# 60801,MW,1100,1215
HUM,HUM4140R2,RCT for CRN# 60803,MW,1100,1215
HUM,HUM4140R3,RCT for CRN# 60805,TR,955,1110
HUM,HUM4140R4,RCT for CRN# 60807,MW,1100,1215
HUM,HUM4140R5,RCT for CRN# 60809,TR,1320,1435
HUM,HUM4140R6,RCT for CRN# 60811,TR,955,1110
HWP,HWP153002,Health Promotion and Wellness,MWF,1000,1050
HWP,HWP178001,"Health, Fitness and Success",MW,1230,1345
HWP,HWP178002,"Health, Fitness and Success",MW,1530,1645
HWP,HWP190001,SL:Intro to Health Promotion,MW,800,915
HWP,HWP190002,SL:Intro to Health Promotion,MW,930,1045
HWP,HWP190003,SL:Intro to Health Promotion,MW,1230,1345
HWP,HWP223001,Active Living: Phys Act/Health,TR,955,1110
HWP,HWP223002,Active Living: Phys Act/Health,TR,1320,1435
HWP,HWP224001,Mental and Emotional Health,MW,1400,1515
HWP,HWP224002,Mental and Emotional Health,MW,1530,1645
HWP,HWP224003,Mental and Emotional Health,MW,1100,1215
HWP,HWP225001,Nutrition and Lifestyle,TR,955,1110
HWP,HWP225002,Nutrition and Lifestyle,TR,1515,1630
HWP,HWP225003,Nutrition and Lifestyle,TR,1710,1825
HWP,HWP294001,Human Physiology,T,955,1135
HWP,HWP294001,Human Physiology,R,955,1044
HWP,HWP294002,Human Physiology,T,1320,1500
HWP,HWP294002,Human Physiology,R,1320,1409
HWP,HWP2940L1,Lab for CRN# 60699,R,1045,1135
HWP,HWP2940L2,Lab for CRN# 60701,R,1410,1500
HWP,HWP310001,SL:Health Promotion Theory and Practice,MW,800,915
HWP,HWP310002,SL:Health Promotion Theory and Practice,MW,930,1045
HWP,HWP372001,ST:Peer Education and Health,T,1320,1500
HWP,HWP373001,Body Fat and Body Image,TR,1515,1630
HWP,HWP374001,"Exercise Prescription, Fitness & Lifestyle Assessment",TR,955,1110
HWP,HWP3740L1,Lab for CRN # 61696,F,1400,1540
HWP,HWP380001,Internship in HWP,MW,1400,1515
HWP,HWP420001,Exercise and Sport Physiology,WF,1230,1345
HWP,HWP4200L1,Lab for CRN# 60711,W,1400,1450
HWP,HWP455001,Pathophysiology Chronic Cond,MW,1400,1515
HWP,HWP459001,Senior Seminar in HWP,MW,1230,1345
HWP,HWP471001,Advanced Biometric Testing,T,1320,1410
HWP,HWP499001,Undergraduate Research in HWP,,,
INTS,INTS178001,First-Year Colloquium,MWF,1100,1215
INTS,INTS201001,Introduction to Global Studies,MW,1510,1650
INTS,INTS334001,"DI:Nation-Building, Identity and Diversity in South Asia",MW,1700,1840
INTS,INTS354001,The Nuclear Dilemma,TR,1320,1435
INTS,INTS374001,ST:DI:East Asian Literature in Translation,MWF,1400,1515
INTS,INTS494001,Capstone in International Studies,R,1800,2130
INTS,INTS494002,Capstone in International Studies,F,1000,1330
IST,IST271001,ST:Residential Education and the College Student,R,1000,1050
IST,IST271002,ST:Residential Education and the College Student,F,1100,1150
IST,IST272001,Social Entrepreneurship: your ideas in action,W,1530,1710
IST,IST273001,"Issues, Ideas and Identity in Contemporary Native America",TR,955,1105
IST,IST325001,Internship:Exploring Career Choices *Instructor Permission Req,T,1515,1645
JEM,JEM171602,ST:Intro Computer Aided Design,M,1400,1600
JEM,JEM171607,ST:Intro Computer Aided Design,M,1615,1815
JEM,JEM171608,ST:Intro Computer Aided Design,T,1745,1945
JEM,JEM171609,ST:Intro Computer Aided Design,W,1400,1600
JEM,JEM171610,ST:Intro Computer Aided Design,R,1545,1745
JEM,JEM171611,ST:Intro Computer Aided Design,F,1530,1730
JEM,JEM171612,ST:Computer Aided Design,W,1200,1400
JEM,JEM371602,ST: IEEE Hardware Competition,M,1715,1915
JEM,JEM372602,ST:Adv Mechatronics Design Lab,TR,1530,1730
JEM,JEM473602,ST:Sr Design Project in Mechatronics I,M,1500,1700
JEM,JEM473602,ST:Sr Design Project in Mechatronics I,W,1500,1900
LA,LA178001,Global & Local Sustainability Perspectives,TR,1320,1435
LA,LA1780H2,HON: Honeybees and Humans: A Delicate Alliance,TR,955,1135
LA,LA2710H1,HON:SL:Intro to Service-Learning in Honors,W,1400,1450
LA,LA3740H1,HON: What's the Big Idea,TR,1320,1500
LA,LA478001,Senior Capstone,MWF,1100,1215
LA,LA478002,Senior Capstone,M,1800,2130
LA,LA478003,Senior Capstone,T,1800,2130
LA,LA478004,Senior Capstone,TR,955,1135
LA,LA478005,Senior Capstone,MWF,1100,1215
LA,LA478006,Senior Capstone,TR,800,940
LA,LA478007,Senior Capstone,M,1800,2130
LA,LA4780H1,HON:SL:Senior Capstone - Permission of Instructor Required,TR,955,1135
LANG,LANG120001,Acad Writing/Critical Inquiry,MW,800,915
LANG,LANG120002,Acad Writing/Critical Inquiry,T,800,940
LANG,LANG120003,SL:Acad Writing/Critical Inquiry,MW,930,1045
LANG,LANG120004,Acad Writing/Critical Inquiry,MW,930,1045
LANG,LANG120005,Acad Writing/Critical Inquiry - JS Only,MW,930,1045
LANG,LANG120006,Acad Writing/Critical Inquiry,MW,1100,1215
LANG,LANG120007,Acad Writing/Critical Inquiry,MW,1100,1215
LANG,LANG120008,Acad Writing/Critical Inquiry - JS Only,MF,1230,1345
LANG,LANG120009,SL:Acad Writing/Critical Inquiry,MW,1230,1345
LANG,LANG120010,Acad Writing/Critical Inquiry,T,1320,1500
LANG,LANG120011,Acad Writing/Critical Inquiry,MW,1400,1515
LANG,LANG120012,Acad Writing/Critical Inquiry,MW,1400,1515
LANG,LANG120013,SL:Acad Writing/Critical Inquiry,MW,1400,1515
LANG,LANG120014,Acad Writing/Critical Inquiry,T,1515,1655
LANG,LANG120015,Acad Writing/Critical Inquiry,MW,1530,1645
LANG,LANG120016,SL:Acad Writing/Critical Inquiry,MW,1530,1645
LANG,LANG120017,Acad Writing/Critical Inquiry,TR,1710,1850
LANG,LANG120018,Acad Writing/Critical Inquiry,T,1320,1500
LANG,LANG120019,Acad Writing/Critical Inquiry - JS ONLY,MW,1230,1345
LANG,LANG120020,Acad Writing/Critical Inquiry,MW,1400,1515
LANG,LANG1200H1,HON:Acad Writing/Critical Inquiry,T,955,1135
LANG,LANG1200L1,Lab for CRN# 60267,F,800,915
LANG,LANG1200L2,Lab for CRN# 60269,R,800,940
LANG,LANG1200L3,Lab for CRN# 60271,F,930,1045
LANG,LANG1200L4,Lab for CRN# 60273,F,930,1045
LANG,LANG1200L5,Lab for CRN# 60275,F,930,1045
LANG,LANG1200L6,Lab for CRN# 60277,F,1100,1215
LANG,LANG1200L7,Lab for CRN# 60279,F,1100,1215
LANG,LANG1200L8,Lab for CRN# 60281,W,1230,1345
LANG,LANG1200L9,Lab for CRN# 60283,F,1230,1345
LANG,LANG120L10,Lab for CRN# 60285,R,1320,1500
LANG,LANG120L11,Lab for CRN# 60287,F,1400,1515
LANG,LANG120L12,Lab for CRN# 60289,F,1400,1515
LANG,LANG120L13,Lab for CRN# 60291,F,1400,1515
LANG,LANG120L14,LAB for CRN# 60293,R,1515,1655
LANG,LANG120L15,Lab for CRN# 60295,F,1530,1645
LANG,LANG120L16,Lab for CRN 61277,F,1530,1645
LANG,LANG120L18,Lab for CRN# 62132,R,1320,1500
LANG,LANG120L19,Lab for CRN# 62136 - JS ONLY,F,1230,1345
LANG,LANG120L20,Lab for CRN# 62138,F,1400,1515
LANG,LANG120LH1,Lab for CRN# 60297,R,955,1135
LANG,LANG260001,Intro to Creative Writing,TR,955,1135
LANG,LANG260002,Intro to Creative Writing,MWF,1530,1645
LANG,LANG352001,English Language and the Teaching of Writing,TR,1515,1655
LANG,LANG361001,Poetry Writing Workshop,MW,1530,1710
LANG,LANG363001,Fiction Writing Workshop,TR,1320,1500
LANG,LANG365001,Playwriting Workshop,M,1800,2130
LANG,LANG366001,Creative Non-Fiction: Personal Essay Writing,TR,1515,1655
LANG,LANG463001,Advanced Fiction Writing,TR,1515,1655
LANG,LANG494001,Senior Sem in Creative Writing,TR,1515,1655
LIT,LIT178001,Liberal Arts First-Year Colloquium: Literary Asheville,MWF,1230,1345
LIT,LIT240001,Introduction to Literature,TR,955,1135
LIT,LIT240002,Introduction to Literature,MWF,1230,1345
LIT,LIT240003,Introduction to Literature,TR,1320,1500
LIT,LIT324001,American Literary Tradition,MWF,1400,1515
LIT,LIT326001,Readings in Fiction,MWF,930,1045
LIT,LIT327001,Readings in Poetry,TR,1515,1655
LIT,LIT328001,DI:Ethnic Literature:African American Literature,TR,955,1135
LIT,LIT328002,DI:Ethnic Literature: Science Fiction,MWF,1230,1345
LIT,LIT334001,West Lit: Ancient-Renaissance,TR,800,940
LIT,LIT335001,West Lit: Enlightenment-Modern,TR,1515,1655
LIT,LIT340001,Internship in Literature *Instructor permission required,,,
LIT,LIT367001,DI:Writers of the Beat Generation,MW,1700,1840
LIT,LIT3730H1,HON: Spiritual Autobiographies,MW,930,1045
LIT,LIT374001,HON: Readings in Honors: Jane Austen - CL w/Lit 488.002,MWF,1400,1515
LIT,LIT488001,Seminar in a Major Author:William Shakespeare,TR,1320,1500
LIT,LIT488002,Seminar in a Major Author:Jane Austen,MWF,1400,1515
LIT,LIT494001,Senior Seminar,MW,1530,1710
MAE,MAE206602,Engineering Statics,MWF,1105,1155
MAE,MAE206607,Engineering Statics,MWF,1105,1155
MAE,MAE301602,Engineering Thermodynamics I,MW,1420,1535
MAE,MAE308602,Fluid Mechanics,TR,935,1050
MAE,MAE310602,Heat Transfer Fundamentals,MW,1245,1400
MAE,MAE315602,Dynamics of Machines,MW,1250,1405
MATH,MATH155001,Nature of Mathematics,MWF,1000,1050
MATH,MATH155002,Nature of Mathematics - JS Only,MWF,1400,1525
MATH,MATH155003,Nature of Mathematics,MW,1530,1620
MATH,MATH1550L1,Lab for CRN #61273,R,1045,1135
MATH,MATH1550L2,Lab for CRN# 60008,TR,1325,1455
MATH,MATH1550L3,Lab for CRN# 60010,TR,1515,1605
MATH,MATH167001,Precalculus,MWF,800,850
MATH,MATH167002,Precalculus,MWF,1230,1320
MATH,MATH167003,Precalculus,T,1320,1500
MATH,MATH1670L1,Lab for CRN# 60012,R,850,940
MATH,MATH1670L2,Lab for CRN# 60014,R,955,1045
MATH,MATH1670L3,Lab for CRN# 60016,R,1320,1500
MATH,MATH178002,Piracy and the Liberal Arrrrts,MWF,1530,1640
MATH,MATH191001,Calculus I,TR,820,940
MATH,MATH191002,Calculus I,MWF,900,950
MATH,MATH191003,Calculus I,MW,1100,1210
MATH,MATH191004,Calculus I,MW,1230,1340
MATH,MATH191005,Calculus I,MW,1400,1510
MATH,MATH191006,Calculus I,M,1700,1840
MATH,MATH1910L1,Lab for CRN# 60018,M,800,850
MATH,MATH1910L2,Lab for CRN# 60020,T,955,1045
MATH,MATH1910L3,Lab for CRN# 60022,F,1100,1210
MATH,MATH1910L4,Lab for CRN# 60024,F,1230,1340
MATH,MATH1910L5,Lab for CRN# 60026,F,1400,1510
MATH,MATH1910L6,Lab for CRN# 60028,W,1700,1840
MATH,MATH192001,Calculus II,MWF,1000,1050
MATH,MATH192002,Calculus II,MW,1100,1210
MATH,MATH192003,Calculus II,MWF,1530,1620
MATH,MATH1920L1,Lab for CRN#60030,T,955,1045
MATH,MATH1920L2,Lab for CRN# 60032,F,1100,1210
MATH,MATH1920L3,Lab for CRN# 60034,T,1515,1605
MATH,MATH211001,Struct of Math: Algebra/Number,MW,1400,1515
MATH,MATH280001,Intro to Foundations of Math,MWF,1000,1050
MATH,MATH291001,Calculus III,MWF,900,950
MATH,MATH291002,Calculus III,MWF,1230,1320
MATH,MATH2910L1,Lab for CRN# 60036,T,850,940
MATH,MATH2910L2,Lab for CRN# 60038,T,1320,1410
MATH,MATH332001,Geometry,TR,1320,1435
MATH,MATH365001,Linear Algebra I,MWF,900,950
MATH,MATH365002,Linear Algebra I,MWF,1400,1450
MATH,MATH373001,ST: Celestial Mechanics,MW,1700,1815
MATH,MATH381001,Problems in Mathematics,T,955,1045
MATH,MATH394001,Differential Equations,MWF,1000,1050
MATH,MATH397001,Chaos and Fractals,MWF,1100,1150
MATH,MATH461001,Abstract Algebra I,MWF,1530,1620
MATH,MATH480001,Mathematics Seminar,R,1515,1630
MATH,MATH491001,Analysis I,MWF,900,950
MATH,MATH491002,Analysis I,MWF,1230,1320
MCOM,MCOM104001,"Media, Ethics and Society",MWF,1100,1215
MCOM,MCOM104002,"Media, Ethics and Society - JS Only",MW,1000,1145
MCOM,MCOM104002,"Media, Ethics and Society - JS Only",TR,955,1140
MCOM,MCOM104003,"Media, Ethics and Society",MW,1530,1710
MCOM,MCOM201001,Basic Journalism,MW,1230,1345
MCOM,MCOM201002,Basic Journalism,MW,1400,1515
MCOM,MCOM201003,Basic Journalism,T,800,940
MCOM,MCOM2010L1,Lab for CRN# 60312,F,1230,1345
MCOM,MCOM2010L2,Lab for CRN# 60314,F,1400,1515
MCOM,MCOM2010L3,Lab for CRN# 60316,R,800,940
MCOM,MCOM293001,Feature Writing,T,955,1135
MCOM,MCOM2930L1,Lab for CRN# 60318,R,955,1135
MCOM,MCOM294001,Newspaper,MW,1400,1515
MCOM,MCOM2940L1,Lab for CRN# 60320,F,1400,1515
MCOM,MCOM295001,Multimedia Storytelling,T,1320,1500
MCOM,MCOM2950L1,Lab for CRN# 61678,R,1320,1500
MCOM,MCOM352001,Professional Internship,TR,1515,1655
MCOM,MCOM393001,Issues in Media Studies:International Mass Communication,MWF,1230,1345
MCOM,MCOM394001,Issues in Media Studies:Layout,MW,1530,1710
MCOM,MCOM395001,Photojournalism,MWF,1230,1345
MCOM,MCOM490001,Mass Comm Law and Ethics,MWF,930,1045
MCOM,MCOM492001,Mass Comm Theories,MWF,800,915
MCOM,MCOM495001,Media Studies Seminar:Classic Readings in Mass Communication,MW,1530,1710
MGMT,MGMT130001,Introductory Seminar in Organizations,MWF,1400,1515
MGMT,MGMT130002,Introductory Seminar in Organizations,TR,1515,1655
MGMT,MGMT130003,Introductory Seminar in Organizations,MWF,800,915
MGMT,MGMT130004,Introductory Seminar in Organizations,MWF,800,915
MGMT,MGMT130005,Introductory Seminar in Organizations,MWF,1400,1515
MGMT,MGMT230001,Organizational Behavior & Theo,MW,1700,1840
MGMT,MGMT230002,Organizational Behavior & Theo,MW,1900,2040
MGMT,MGMT250001,Marketing Principles,MWF,1100,1215
MGMT,MGMT300001,Legal and Ethical Environment,MW,1530,1710
MGMT,MGMT300002,Legal and Ethical Environment,MW,1900,2040
MGMT,MGMT323001,Human Resource Management,MW,1530,1709
MGMT,MGMT323002,Human Resource Management,MW,1530,1710
MGMT,MGMT360001,Foundations of Entrepreneurship,MWF,1400,1515
MGMT,MGMT362001,Advances in Quality Control,TR,1515,1655
MGMT,MGMT363001,The Entrepreneurial Experience,MWF,1400,1515
MGMT,MGMT380001,Management Science,MW,800,915
MGMT,MGMT380002,Management Science,MW,1530,1710
MGMT,MGMT386001,Management Information Systems,TR,955,1135
MGMT,MGMT398001,DI: Global Management,MWF,930,1045
MGMT,MGMT398002,DI: Global Management,TR,955,1135
MGMT,MGMT453001,Marketing and the Consumer,TR,1515,1655
MGMT,MGMT460001,Production Management,TR,1515,1655
MGMT,MGMT480001,Strategic Management & Policy,TR,800,940
MGMT,MGMT480002,Strategic Management & Policy,TR,1320,1500
MGMT,MGMT489001,Project-Based Pro Internship - Permission of Instructor Required,W,800,850
MLAS,MLAS500001,The Human Condition: Notions of Race,W,1800,2030
MLAS,MLAS500001,The Human Condition: Notions of Race,W,1800,2030
MLAS,MLAS520001,"Documentary Photography: Historical Context, Ethics of Representation and Studio Work",T,1800,2030
MLAS,MLAS520001,"Documentary Photography: Historical Context, Ethics of Representation and Studio Work",T,1800,2030
MLAS,MLAS540001,Environmental Risk Management,M,1800,2030
MLAS,MLAS560001,Astronomy & Cosmology,M,1900,2130
MLAS,MLAS680001,Project Seminar,T,1800,2030
MLAS,MLAS680002,Project Seminar,T,1800,2030
MSE,MSE201602,Struct and Prop Engr Material,MW,830,945
MSE,MSE201607,Struct and Prop Engr Material,MW,830,945
MUSC,MUSC090001,Applied Music *Inst Permission,F,1230,1345
MUSC,MUSC101001,Class Piano I- Inst. Perm. Req,MW,1530,1620
MUSC,MUSC101002,Class Piano I-Inst. Perm. Req,MW,1530,1620
MUSC,MUSC103001,Class Guitar I,WF,1400,1515
MUSC,MUSC105001,Class Voice I,WF,1000,1050
MUSC,MUSC113001,University Singers,TR,1320,1439
MUSC,MUSC114001,Asheville Singers,MW,1400,1515
MUSC,MUSC121001,ARTS:Concert Band,MW,1700,1840
MUSC,MUSC122001,ARTS:Jazz Band,MW,1500,1620
MUSC,MUSC124001,Symphony,M,1900,2130
MUSC,MUSC125001,ARTS:Studio 18:Vocal Jazz Ensemble-Inst. Perm Req,T,1515,1655
MUSC,MUSC125002,ARTS:Studio 18:Vocal Jazz Ensemble-Inst. Perm Req,T,1700,1840
MUSC,MUSC128001,ARTS:Percussion Ensemble - Instr. Permission Req,MW,1230,1345
MUSC,MUSC130001,Introductory Aural Skills,MW,1230,1320
MUSC,MUSC131001,Introductory Music Theory,TR,815,930
MUSC,MUSC131002,Introductory Music Theory,MWF,1100,1150
MUSC,MUSC178001,First-Year Colloquium,MW,1530,1645
MUSC,MUSC202001,Aural Skills II,MW,1400,1450
MUSC,MUSC202002,Aural Skills II,WF,1100,1150
MUSC,MUSC232001,Music Theory II,TR,955,1110
MUSC,MUSC293001,Harmony and Improvisation I - Instr. Permission Required,MW,900,950
MUSC,MUSC293002,Harmony and Improvisation I - Instr. Permission Required,MW,1000,1050
MUSC,MUSC332001,Music Theory IV,MW,930,1045
MUSC,MUSC343001,ARTS:DI:African American Music:Slavery to Swing,TR,1320,1500
MUSC,MUSC345001,"ARTS:Defining the Beatles:Music, Image and Influence",TR,955,1110
MUSC,MUSC348001,Music History I,TR,815,930
MUSC,MUSC358001,Electronic Music Composition I,MW,1230,1345
MUSC,MUSC373001,ST:ARTS:Roots Music of N America,TR,1515,1655
MUSC,MUSC373002,ST: Advanced Electronic Music Composition - Instructor Permission Required,MW,1100,1215
MUSC,MUSC386001,Audio Engineering Tech II - Instr. Permission Required,M,1400,1540
MUSC,MUSC387001,Recording Studio Practicum II - Instr. Permission Required,T,1400,1540
MUSC,MUSC387002,Recording Studio Practicum II - Instr. Permission Required,W,1400,1540
MUSC,MUSC393001,Harmony and Improvistion III - Instr. Permission Required,MW,1100,1215
MUSC,MUSC486001,Audio Engineering Tech IV,T,1515,1655
MUSC,MUSC487001,Recording Studio Practicum IV,M,1530,1710
MUSC,MUSC487002,Recording Studio Practicum IV,R,1515,1655
MUSC,MUSC488001,Directed Studio Projects - Instr. Permission Required,T,1710,1800
MUSC,MUSC488002,Directed Studio Projects - Instr. Permission Required,T,1710,1800
NM,NM101001,Digital Design Principles,TR,800,915
NM,NM101002,Digital Design Principles,TR,955,1110
NM,NM101003,Digital Design Principles,TR,1710,1825
NM,NM1010L1,LAB for CRN #61206,TR,916,940
NM,NM1010L2,LAB for CRN #61208,TR,1111,1135
NM,NM1010L3,LAB for CRN #61279,TR,1826,1850
NM,NM222001,ARTS:New Media Art and Design,MW,1530,1645
NM,NM2220L1,LAB for CRN #61210,MW,1646,1710
NM,NM231001,Intro Web Page/Interact.Design,TR,1320,1435
NM,NM2310L1,LAB for CRN #61214,TR,1436,1500
NM,NM251001,Introduction to Motion Media,W,1700,2015
NM,NM251002,Introduction to Motion Media,TR,1320,1435
NM,NM2510L1,LAB for CRN #61216,W,2016,2040
NM,NM2510L2,LAB for CRN #61218,TR,1436,1500
NM,NM281001,Intro Video Art and Design,TR,955,1110
NM,NM281002,Intro Video Art and Design,TR,1515,1630
NM,NM2810L1,LAB for CRN #61220,TR,1111,1135
NM,NM2810L2,LAB for CRN #61222,TR,1631,1655
NM,NM310001,Intermed Computer Animation,TR,1710,1825
NM,NM3100L1,LAB for CRN #61225,TR,1826,1850
NM,NM320001,Intermed Interactive Media,TR,1515,1630
NM,NM3200L1,LAB for CRN #61227,TR,1631,1655
NM,NM340001,Internship,F,1230,1410
NM,NM438001,Senior Capstone Project,MW,1530,1710
NM,NM450001,DI:Digital Video Art,MW,1230,1345
NM,NM4500L1,LAB for CRN #61232,MW,1346,1410
NM,NM490001,Proseminar and Portfolio,MW,1530,1710
NM,NM499001,UR in NM - Instr. Perm. Req,WF,1400,1520
PHIL,PHIL100001,Introduction to Philosophy,MW,930,1040
PHIL,PHIL1000R1,RCT for CRN#60891,F,930,1040
PHIL,PHIL101001,Introduction to Logic,MW,1230,1340
PHIL,PHIL1010R1,RCT for CRN#60893,F,1230,1345
PHIL,PHIL230001,Intro to Metaphysics/Epistem,MW,1530,1645
PHIL,PHIL2300R1,RCT for CRN#60895,F,1530,1645
PHIL,PHIL250001,Ancient Greek Philosophy,MWF,1400,1510
PHIL,PHIL260001,Modern Philosophy,TR,1320,1500
PHIL,PHIL310001,ARTS:Aesthetics,MW,1700,1840
PHIL,PHIL317001,Africana Philosophy,TR,1515,1655
PHIL,PHIL365001,Feminist Theory,TR,955,1135
PHIL,PHIL499001,Undergraduate Research in Phil,TR,1710,1850
PHYS,PHYS102001,The Physics of Sound and Music,TR,1320,1435
PHYS,PHYS102002,The Physics of Sound and Music,TR,1515,1630
PHYS,PHYS122001,Physics of Sound and Music Lab,M,930,1045
PHYS,PHYS122002,Physics of Sound and Music Lab,M,1400,1515
PHYS,PHYS122003,Physics of Sound and Music Lab,T,955,1110
PHYS,PHYS122004,Physics of Sound and Music Lab,R,955,1110
PHYS,PHYS131001,Introductory Physics I,MW,1530,1645
PHYS,PHYS1310L1,Lab for CRN# 60093,MW,1646,1800
PHYS,PHYS221001,Physics I,MWF,900,950
PHYS,PHYS221002,Physics I,TR,800,915
PHYS,PHYS2210L1,Physics I Lab,T,955,1135
PHYS,PHYS2210L2,Physics I Lab,T,1320,1500
PHYS,PHYS2210L3,Physics I Lab,T,1515,1655
PHYS,PHYS2210L4,Physics I Lab,T,1710,1850
PHYS,PHYS2210L5,Physics I Lab,W,1230,1350
PHYS,PHYS222001,Physics II,TR,955,1135
PHYS,PHYS2220L1,Physics II Lab,R,1320,1500
PHYS,PHYS2220L2,Physics II Lab,R,1515,1655
PHYS,PHYS2220L3,Physics II Lab,R,1710,1850
PHYS,PHYS231001,Introductory Physics II,TR,815,930
PHYS,PHYS2310L1,Introductory Physics II Lab,W,1100,1240
PHYS,PHYS2310L2,Introductory Physics II Lab,T,1320,1500
PHYS,PHYS2310L3,Introductory Physics II Lab,T,1515,1655
PHYS,PHYS332001,Experimental Physics II,TR,1320,1500
PHYS,PHYS373001,ST: Celestial Mechanics,MW,1700,1815
PHYS,PHYS414001,Quantum Mechanics I,WF,930,1045
POLS,POLS178001,Poetry and Politics,TR,955,1135
POLS,POLS178002,Got Politics? - JS Only,TR,1325,1505
POLS,POLS178002,Got Politics? - JS Only,MW,1400,1530
POLS,POLS178003,The Ballot or the Bullet: Alternative Politics in the United States-JS Only,TR,1325,1505
POLS,POLS178003,The Ballot or the Bullet: Alternative Politics in the United States-JS Only,MW,1400,1500
POLS,POLS220001,American Political Behavior,MWF,1230,1345
POLS,POLS240001,DI:Political Ideas and Imagination,MWF,930,1045
POLS,POLS261001,Intro to Comparative Politics,MWF,930,1045
POLS,POLS290001,Political Analysis,TR,830,930
POLS,POLS320001,Evolution of American Politics,MWF,1530,1645
POLS,POLS326001,Legislative Process,MWF,1230,1345
POLS,POLS327001,Constitutional Law,TR,1320,1435
POLS,POLS330001,DI:Individual Rights and Civil Liberties,TR,1515,1630
POLS,POLS338001,Democracy,MWF,1400,1515
POLS,POLS362001,African Politics,MW,1700,1840
POLS,POLS363001,Political Economy of Development,TR,1515,1655
POLS,POLS373001,Environmental Law,MW,1900,2015
POLS,POLS391001,Application of Political Methods,TR,1710,1800
POLS,POLS393001,Quantitative Reasoning I: Telling Stories with Numbers,TR,1710,1825
POLS,POLS394001,Quantitative Reasoning II: Visualizing Beautiful Evidence,TR,1710,1825
POLS,POLS400001,Internship,MW,815,915
POLS,POLS460001,Senior Colloquium,MW,1700,1750
POLS,POLS490001,Senior Research Seminar,TR,1800,1850
POLS,POLS490002,Senior Research Seminar,MWF,800,850
POLS,POLS499001,Undergraduate Research in POLS - Instr. Permission Required,TR,955,1135
PORT,PORT300001,Intns Port for Spkrs Rom Lang,MWF,1400,1450
PSYC,PSYC100001,Introductory Psychology,MWF,1400,1450
PSYC,PSYC100002,Introductory Psychology,MWF,1230,1320
PSYC,PSYC100003,Introductory Psychology,TR,1320,1435
PSYC,PSYC100004,Introductory Psychology,TR,1515,1630
PSYC,PSYC178001, Adolescent Portraits: Growing Up is Hard to Do,MWF,930,1020
PSYC,PSYC200001,Social Psychology,MW,1230,1345
PSYC,PSYC200002,Social Psychology,MW,1400,1515
PSYC,PSYC201001,Research Methods I,MW,930,1045
PSYC,PSYC201002,Research Methods I,MW,1100,1215
PSYC,PSYC201003,Research Methods I,TR,1320,1435
PSYC,PSYC201004,Research Methods I,MW,1230,1345
PSYC,PSYC202001,Research Methods II,TR,815,930
PSYC,PSYC202002,Research Methods II,TR,955,1110
PSYC,PSYC202003,Research Methods II,TR,1515,1630
PSYC,PSYC208001,Abnormal Psychology,MW,930,1045
PSYC,PSYC208002,Abnormal Psychology,MW,1230,1345
PSYC,PSYC214001,DI:Developmental Psychology,WF,1400,1515
PSYC,PSYC214002,DI:Developmental Psychology,WF,1530,1645
PSYC,PSYC216001,Fundamentals of Neuroscience,TR,955,1110
PSYC,PSYC216002,Fundamentals of Neuroscience,TR,1320,1435
PSYC,PSYC310001,DI:Psychology of Adolescence,MW,1100,1215
PSYC,PSYC312001,DI:Psychology of Exceptional Children,MW,930,1045
PSYC,PSYC319001,Educational Psychology,TR,815,930
PSYC,PSYC319002,Educational Psychology,TR,955,1110
PSYC,PSYC324001,Theories of Personality ,MW,1530,1645
PSYC,PSYC324002,Theories of Personality ,MW,1700,1815
PSYC,PSYC329001,Cognitive Psychology,MW,930,1045
PSYC,PSYC329002,Cognitive Psychology,MW,1100,1215
PSYC,PSYC3290L1,Lab for CRN# 60211,F,930,1020
PSYC,PSYC3290L2,Lab for CRN# 60213,F,1100,1150
PSYC,PSYC355001,Psychology of Family Violence,TR,955,1110
PSYC,PSYC3550L1,Lab for CRN# 61843,T,1320,1410
PSYC,PSYC362001,Advanced Neuroscience,TR,815,930
PSYC,PSYC3620L2,Lab for CRN# 60218,R,955,1045
PSYC,PSYC373001,ST:Psychology of Close Relationships,TR,1320,1500
PSYC,PSYC374001,Psychology of Language,WF,1400,1515
PSYC,PSYC3740L1,Lab for CRN# 60220,F,1530,1620
PSYC,PSYC412002,Senior Seminar in Psychology - Instructor Permission Req.,MW,1530,1645
PSYC,PSYC412003,Senior Seminar in Psychology - Instructor Permission Req.,TR,955,1110
PSYC,PSYC412004,Senior Seminar in Psychology,T,1320,1500
PSYC,PSYC4120L2,Lab for CRN#60227,M,1655,1745
PSYC,PSYC4120L3,Lab for CRN# 60224,T,855,945
PSYC,PSYC4120L4,Lab for CRN# 60228,R,1320,1500
PSYC,PSYC499001,Undergraduate Research in PSYC,,,
RELS,RELS178002,Religion & Film,TR,955,1135
RELS,RELS178003,Religion and Media,TR,1515,1655
RELS,RELS178004,Religion and Media,TR,955,1135
RELS,RELS1780H1,HON: Religious Diversity in Asheville,MWF,930,1045
RELS,RELS200001,Intro to the Study of Religion,TR,800,940
RELS,RELS280001,ARTS:DI:Asian Religious Traditions,MWF,1400,1515
RELS,RELS280002,ARTS:DI:Asian Religious Traditions,MWF,1530,1645
RELS,RELS302001,Sociology of Religion,MW,1700,1840
RELS,RELS312001,Religion in America to 1865,MWF,1230,1345
RELS,RELS374001,"ST: Muhammad in History, Religion, and Literature",MWF,1400,1515
RELS,RELS492001,Senior Seminar,MW,1530,1710
SOC,SOC100002,DI:Introduction to Sociology,MW,930,1045
SOC,SOC100003,DI:Introduction to Sociology,R,1320,1410
SOC,SOC100003,DI:Introduction to Sociology,T,1320,1500
SOC,SOC100004,DI:Introduction to Sociology,T,1515,1655
SOC,SOC100004,DI:Introduction to Sociology,R,1515,1605
SOC,SOC1000L2,Lab for CRN#60861,F,930,1045
SOC,SOC1000L3,Lab for CRN # 60863,R,1411,1500
SOC,SOC1000L4,Lab for CRN # 60865,R,1606,1655
SOC,SOC178001,First-Year Colloquium- JS Only,MW,1100,1245
SOC,SOC178001,First-Year Colloquium- JS Only,TR,925,1055
SOC,SOC178002,The Diverse World,MWF,1230,1345
SOC,SOC1780H3,HON: Sociology of Media,MW,1530,1710
SOC,SOC220001,Juvenile Delinquency,MWF,1230,1345
SOC,SOC225001,Social and Cultural Inquiry,MW,1100,1215
SOC,SOC225002,Social and Cultural Inquiry,MW,1400,1515
SOC,SOC2250L1,Lab for CRN#60870,F,1100,1215
SOC,SOC2250L2,Lab for CRN#60872,F,1400,1515
SOC,SOC302001,Sociology of Religion,MW,1700,1840
SOC,SOC338001,Social Research Methods,MW,930,1045
SOC,SOC3380L1,Lab for CRN#60877,F,930,1045
SOC,SOC357001,Dev and Soc Change-Latin Amer,TR,1320,1500
SOC,SOC362001,Soc of Health and Illness,MW,1700,1840
SOC,SOC368001,DI:Sociology of Gender,MW,1400,1515
SOC,SOC3680L1,Lab for CRN #61961,F,1400,1515
SOC,SOC3740H1,"HON: Enlightenment, Science, and Modern Life",TR,955,1135
SOC,SOC390001,DI:Queer Sociology,MW,1530,1710
SOC,SOC420001,DI:Difference and Inequality,TR,955,1135
SOC,SOC464001,"Sr Colloquium: Frames, Boundaries and Classification *Instructor Permission Req",T,1320,1500
SOC,SOC464001,"Sr Colloquium: Frames, Boundaries and Classification *Instructor Permission Req",R,1320,1410
SOC,SOC4640L1,Lab for CRN #61667,R,1411,1500
SOC,SOC499001,UGR: Sociology - Instructor Permission Required,,,
SPAN,SPAN110001,Spanish I,MW,930,1045
SPAN,SPAN1100L1,Lab for CRN#60948,F,930,1045
SPAN,SPAN130001,Spanish for Advanced Beginners,MW,800,915
SPAN,SPAN130002,Spanish for Advanced Beginners,MW,930,1045
SPAN,SPAN130003,Spanish for Advanced Beginners,MW,1100,1215
SPAN,SPAN130004,Spanish for Advanced Beginners,MW,1230,1345
SPAN,SPAN130005,Spanish for Advanced Beginners,MW,1400,1515
SPAN,SPAN130006,Spanish for Advanced Beginners,MW,1530,1645
SPAN,SPAN130007,Spanish for Advanced Beginners,MW,800,915
SPAN,SPAN130008,Spanish for Advanced Beginners,MW,800,915
SPAN,SPAN1300L1,Lab for CRN#60960,F,800,915
SPAN,SPAN1300L2,Lab for CRN#60962,F,930,1045
SPAN,SPAN1300L3,Lab for CRN#60964,F,1100,1215
SPAN,SPAN1300L4,Lab for CRN#60966,F,1230,1345
SPAN,SPAN1300L5,Lab for CRN#60968,F,1400,1515
SPAN,SPAN1300L6,Lab for CRN#60970,F,1530,1645
SPAN,SPAN1300L7,LAB for CRN #61265,F,800,915
SPAN,SPAN1300L8,Lab for CRN# 61891,F,800,915
SPAN,SPAN210001,Intermediate Spanish I,MWF,1230,1345
SPAN,SPAN210002,Intermediate Spanish I,MWF,930,1045
SPAN,SPAN220001,Intermediate Spanish II,MWF,1100,1215
SPAN,SPAN300001,Oral Skills,MWF,1100,1150
SPAN,SPAN310001,Composition and Intro to Lit I,TR,1320,1500
SPAN,SPAN330001,Spanish Civilization and Lit,MWF,1530,1645
SPAN,SPAN332001,DI:Spanish-American Civilization and Literature,MWF,1230,1345
SPAN,SPAN373001,Intensive Portuguese for Speakers of Other Romance Languages,MWF,1400,1450
SPAN,SPAN440001,Advanced Spanish Lang and Comp,TR,1320,1500
SPAN,SPAN481001,"Span-Amer Lit, Mod-20th Cent",TR,955,1135
SPAN,SPAN498001,Senior Seminar in Spanish,MWF,930,1045
STAT,STAT185001,Introductory Statistics,TR,815,930
STAT,STAT185002,Introductory Statistics,TR,955,1110
STAT,STAT185003,Introductory Statistics,MW,1100,1210
STAT,STAT185004,Introductory Statistics,MW,1230,1340
STAT,STAT185005,Introductory Statistics,T,1320,1500
STAT,STAT185006,Intro Statistics - JS Only,MWF,1000,1130
STAT,STAT185007,Introductory Statistics,T,1515,1655
STAT,STAT185008,Introductory Statistics,MW,1700,1810
STAT,STAT185009,Introductory Statistics,T,1710,1850
STAT,STAT1850L1,Lab for CRN# 60040,M,800,850
STAT,STAT1850L2,Lab for CRN# 60042,M,900,950
STAT,STAT1850L3,Lab for CRN# 60044,F,1100,1210
STAT,STAT1850L4,Lab for CRN# 60059,F,1230,1340
STAT,STAT1850L5,Lab for CRN# 60061,R,1320,1500
STAT,STAT1850L6,Lab for CRN# 60063,TR,925,1055
STAT,STAT1850L7,Lab for CRN# 60065,R,1515,1655
STAT,STAT1850L8,Lab for CRN# 60067,F,1700,1810
STAT,STAT1850L9,Lab for CRN# 60069,R,1710,1850
STAT,STAT220001,Intro to Applied Probability,R,1515,1605
STAT,STAT225001,Calculus-Based Statistics,MW,1410,1520
STAT,STAT2250L1,Lab for CRN# 60072,F,1410,1520
STAT,STAT325001,Intro to Regression Models,MWF,1530,1620
VMP,VMP205001,Basic Video Production,MW,930,1045
VMP,VMP205002,Basic Video Production,MW,1100,1215
VMP,VMP2050L1,Lab for CRN# 60327,F,930,1045
VMP,VMP2050L2,Lab for CRN# 60329,F,1100,1215
VMP,VMP293001,Visual Media Workshop:Documentary Film Production,MW,930,1045
VMP,VMP2930L1,Lab for CRN# 60331,F,930,1045
VMP,VMP393001,Issues in Visual Media:Screenwriting,MWF,1400,1515
WGSS,WGSS100001,"SL:Intro Women, Gender, Sexuality Studies",TR,1320,1500
WGSS,WGSS100002,"Intro Women, Gender, Sexuality",MWF,930,1045
WGSS,WGSS178001,Gender and Environment,TR,1320,1500
WGSS,WGSS365001,DI:Feminist Theory,TR,955,1135
WGSS,WGSS451001,Community Service Internship - Instr. Permission Required,F,1700,1730
